linha,latitude',longitude,pc_id,pc_sequencia
BEM X ARE,-22.1417383333,-43.0968633333,565,1
BEM X ARE,-22.23554,-43.1021766667,453,4
BEM X ARE,-22.1417383333,-43.0968633333,565,1
BEM X ARE,-22.1540966667,-43.098955,566,2
BEM X ARE,-22.2048366667,-43.0958466667,571,3
BEM X ARE,-22.23554,-43.1021766667,453,4
NIG X TRS,-22.75699,-43.45591,131,1
NIG X TRS,-22.64607,-43.7110383333,125,5
NIG X TRS,-22.7164183333,-43.7169533333,127,3
NIG X TRS,-22.75699,-43.45591,131,1
NIG X TRS,-22.74852,-43.4425966667,133,2
NIG X TRS,-22.7001333333,-43.751115,135,4
NIG X TRS,-22.6171183333,-43.7146933333,137,7
NIG X TRS,-22.3986483333,-43.6561583333,139,35
NIG X TRS,-22.39123,-43.6505166667,140,36
NIG X TRS,-22.33117,-43.54427,141,37
NIG X TRS,-22.325435,-43.535295,142,38
NIG X TRS,-22.3099283333,-43.5048116667,143,39
NIG X TRS,-22.2466683333,-43.426875,144,40
NIG X TRS,-22.6337883333,-43.71019,177,6
NIG X TRS,-22.1153966667,-43.1978466667,158,53
BMA X JDF COM AC,-22.5453933333,-44.1693483333,112,1
BMA X JDF COM AC,-22.0573933333,-43.2070533333,207,54
BMA X JDF COM AC,-22.4573883333,-43.8428516667,252,14
BMA X JDF COM AC,-22.4632066667,-43.826365,418,19
BMA X JDF COM AC,-21.738605,-43.3740583333,219,62
JDF x BMA S-DIR AC,-21.738605,-43.3740583333,219,1
JDF x BMA S-DIR AC,-22.1086416667,-43.2253,439,15
JDF x BMA S-DIR AC,-22.1049866667,-43.2163866667,440,14
JDF x BMA S-DIR AC,-22.1217033333,-43.2322666667,441,16
JDF x BMA S-DIR AC,-22.5453933333,-44.1693483333,112,65
JDF X TRS COM,-21.738605,-43.3740583333,219,1
JDF X TRS COM,-22.0339816667,-43.2191416667,231,20
JDF X TRS COM,-22.0573933333,-43.2070533333,232,21
JDF X TRS COM,-22.0844566667,-43.2174533333,233,22
JDF X TRS COM,-22.098955,-43.216145,234,23
JDF X TRS COM,-21.7913716667,-43.3052633333,478,5
JDF X TRS COM,-21.7783533333,-43.3250616667,479,4
JDF X TRS COM,-21.7616633333,-43.3405083333,481,2
JDF X TRS COM,-21.7731383333,-43.329445,482,3
JDF X TRS COM,-21.8393983333,-43.3171466667,484,6
JDF X TRS COM,-21.8597516667,-43.3094883333,485,7
JDF X TRS COM,-21.8757033333,-43.3221466667,486,8
JDF X TRS COM,-21.8831833333,-43.3287583333,487,9
JDF X TRS COM,-21.9112683333,-43.3396916667,488,10
JDF X TRS COM,-21.92641,-43.3185466667,489,11
JDF X TRS COM,-21.9340383333,-43.3138916667,490,12
JDF X TRS COM,-21.959745,-43.3184383333,491,13
JDF X TRS COM,-21.9693466667,-43.3145083333,492,14
JDF X TRS COM,-22.0148633333,-43.309765,493,15
JDF X TRS COM,-22.02111,-43.29674,531,17
JDF X TRS COM,-22.01346,-43.2694433333,532,18
JDF X TRS COM,-22.0100333333,-43.2646166667,533,19
JDF X TRS COM,-22.0189216667,-43.2957166667,535,16
JDF X TRS COM,-22.1153966667,-43.1978466667,158,25
TRS X PDS URB,-22.1153966667,-43.1978466667,158,1
TRS X PDS URB,-22.1635233333,-43.29211,443,8
LEP X ALP,-21.5325633333,-42.634595,286,1
LEP X ALP,-21.8707783333,-42.6685683333,276,19
LEP X ALP,-21.5325633333,-42.634595,286,1
LEP X ALP,-21.53894,-42.6431783333,360,2
LEP X ALP,-21.5424166667,-42.6552016667,361,3
LEP X ALP,-21.5456916667,-42.659695,362,4
LEP X ALP,-21.5508033333,-42.670565,363,5
LEP X ALP,-21.571675,-42.67962,364,6
LEP X ALP,-21.595975,-42.689525,365,7
LEP X ALP,-21.6144316667,-42.6919983333,366,8
LEP X ALP,-21.63693,-42.6979416667,367,9
LEP X ALP,-21.638605,-42.7101366667,368,10
LEP X ALP,-21.67062,-42.7326783333,369,11
LEP X ALP,-21.684445,-42.7310666667,370,12
LEP X ALP,-21.7189933333,-42.7293933333,371,13
LEP X ALP,-21.7281116667,-42.7301083333,372,14
LEP X ALP,-21.8236883333,-42.6852633333,373,15
LEP X ALP,-21.8450466667,-42.67261,374,16
LEP X ALP,-21.860275,-42.66449,375,17
LEP X ALP,-21.8636283333,-42.6726516667,376,18
LEP X ALP,-21.8814833333,-42.6938116667,378,20
LEP X ALP,-21.8814833333,-42.6938116667,378,20
FAC PET,-22.1144716667,-43.2057083333,442,1
FAC PET,-22.5108866667,-43.1843333333,554,2
FAC PET,-22.507045,-43.1678833333,555,3
FAC PET,-22.507045,-43.1678833333,555,3
FAC VAL,-22.1144716667,-43.2057083333,442,1
FAC VAL,-22.2434466667,-43.70847,556,2
FAC VAL,-22.2434466667,-43.70847,556,2
FAC PET ESTACIO,-22.5071666667,-43.1942533333,576,1
FAC PET ESTACIO,-22.5071666667,-43.1942533333,576,1
FAC PET ESTACIO,-22.5071666667,-43.1942533333,576,1
ALP X TRS,-21.8814833333,-42.6938116667,378,1
ALP X TRS,-21.8773183333,-42.6680233333,379,3
ALP X TRS,-21.88774,-42.6982583333,380,5
ALP X TRS,-21.89715,-42.7172333333,381,6
ALP X TRS,-21.992425,-42.90971,382,10
ALP X TRS,-21.996995,-42.9180416667,383,11
ALP X TRS,-22.0008,-42.92794,384,12
ALP X TRS,-22.0470433333,-42.9987933333,385,16
ALP X TRS,-22.0431733333,-43.0054633333,386,17
ALP X TRS,-22.05192,-43.0209666667,387,18
ALP X TRS,-22.0567766667,-43.0265316667,388,19
ALP X TRS,-22.0925616667,-43.0684833333,389,22
ALP X TRS,-22.0995083333,-43.0749366667,390,23
ALP X TRS,-22.0308883333,-42.9837333333,410,14
ALP X TRS,-22.0411083333,-42.9921883333,411,15
ALP X TRS,-22.1153966667,-43.1978466667,158,29
BMA X JDF DIR AC,-22.5453933333,-44.1693483333,112,1
BMA X JDF DIR AC,-22.4515083333,-43.8238266667,175,18
BMA X JDF DIR AC,-22.4552033333,-43.8371616667,413,15
BMA X JDF DIR AC,-21.738605,-43.3740583333,219,60
FAC VAS,-22.1144716667,-43.2057083333,442,1
FAC VAS,-22.4104366667,-43.663925,553,2
FAC VAS,-22.4104366667,-43.663925,553,2
PAR X VAS,-22.6119016667,-43.7113566667,27,1
PAR X VAS,-22.6043533333,-43.7002066667,28,3
PAR X VAS,-22.585675,-43.6910333333,29,4
PAR X VAS,-22.5624633333,-43.6876283333,32,8
PAR X VAS,-22.5552533333,-43.6834216667,33,9
PAR X VAS,-22.5534216667,-43.6916333333,35,12
PAR X VAS,-22.540115,-43.6993233333,36,14
PAR X VAS,-22.5306433333,-43.708745,37,17
PAR X VAS,-22.525975,-43.7288333333,38,18
PAR X VAS,-22.52321,-43.7356283333,39,20
PAR X VAS,-22.5197283333,-43.73992,40,21
PAR X VAS,-22.50323,-43.749465,41,22
PAR X VAS,-22.4730983333,-43.7473083333,43,25
PAR X VAS,-22.460345,-43.7304783333,44,26
PAR X VAS,-22.4858633333,-43.7492466667,74,23
PAR X VAS,-22.5673533333,-43.68812,79,7
PAR X VAS,-22.5486483333,-43.6816733333,81,13
PAR X VAS,-22.5842466667,-43.6906266667,85,5
PAR X VAS,-22.5770066667,-43.692885,86,6
PAR X VAS,-22.4780083333,-43.749485,120,24
PAR X VAS,-22.525765,-43.7311533333,179,19
PAR X VAS,-22.4056,-43.6654633333,2,31
MUR x BMA AC,-21.1281583333,-42.3698666667,292,1
MUR x BMA AC,-21.366295,-42.47483,288,9
MUR x BMA AC,-21.2818483333,-42.4168283333,289,8
MUR x BMA AC,-21.1286016667,-42.3844016667,291,2
MUR x BMA AC,-21.1281583333,-42.3698666667,292,1
MUR x BMA AC,-21.1463283333,-42.3809966667,353,3
MUR x BMA AC,-21.1838266667,-42.3697466667,354,4
MUR x BMA AC,-21.202165,-42.387215,355,5
MUR x BMA AC,-21.2261316667,-42.3949616667,356,6
MUR x BMA AC,-21.2445816667,-42.3939516667,357,7
MUR x BMA AC,-21.4392866667,-42.534005,358,10
MUR x BMA AC,-21.5017283333,-42.59789,359,11
MUR x BMA AC,-21.5266233333,-42.6331683333,408,12
MUR x BMA AC,-22.5453933333,-44.1693483333,112,107
TRS X BEM,-22.1153966667,-43.1978466667,158,1
TRS X BEM,-22.1251416667,-43.173715,181,2
TRS X BEM,-22.12257,-43.1567883333,182,3
TRS X BEM,-22.1022283333,-43.0948466667,253,4
TRS X BEM,-22.10236,-43.0865316667,254,5
TRS X BEM,-22.1062733333,-43.0782066667,255,6
TRS X BEM,-22.1417383333,-43.0968633333,565,7
FAC CES-VIANA,-21.7846166667,-43.356275,559,1
FAC CES-VIANA,-21.7846166667,-43.356275,559,1
FAC CES-VIANA,-21.762675,-43.352875,560,2
FAC CES-VIANA,-21.762675,-43.352875,560,2
JDF X ALP,-21.738605,-43.3740583333,219,1
JDF X ALP,-21.8814833333,-42.6938116667,378,36
PET X TRS DIR A/C,-22.5159083333,-43.229015,192,1
PET X TRS DIR A/C,-22.3859816667,-43.1356966667,188,5
PET X TRS DIR A/C,-22.5197166667,-43.2278333333,193,2
PET X TRS DIR A/C,-22.4846966667,-43.21569,194,3
PET X TRS DIR A/C,-22.4683866667,-43.2222666667,195,4
PET X TRS DIR A/C,-22.2530533333,-43.1065233333,198,6
PET X TRS DIR A/C,-22.2090266667,-43.1366133333,199,7
PET X TRS DIR A/C,-22.1989266667,-43.1569516667,200,8
PET X TRS DIR A/C,-22.1479216667,-43.1582533333,201,9
PET X TRS DIR A/C,-22.1153966667,-43.1978466667,158,13
ARE X SJO,-22.23554,-43.1021766667,453,1
ARE X SJO,-22.2516933333,-43.0735416667,541,3
ARE X SJO,-22.14941,-42.9207,548,9
VAL X TRS COM,-22.2478766667,-43.7081566667,512,1
VAL X TRS COM,-22.2368266667,-43.7013016667,513,2
VAL X TRS COM,-22.2109166667,-43.6309616667,514,4
VAL X TRS COM,-22.202265,-43.6125883333,515,5
VAL X TRS COM,-22.1781233333,-43.5922016667,516,6
VAL X TRS COM,-22.165075,-43.58569,517,7
VAL X TRS COM,-22.1176016667,-43.5606316667,518,8
VAL X TRS COM,-22.1116616667,-43.5538716667,519,9
VAL X TRS COM,-22.0880583333,-43.559605,520,10
VAL X TRS COM,-22.0814733333,-43.55176,521,11
VAL X TRS COM,-22.07708,-43.5058266667,522,12
VAL X TRS COM,-22.0742466667,-43.4964733333,523,13
VAL X TRS COM,-22.0615466667,-43.43922,524,14
VAL X TRS COM,-22.06015,-43.435835,525,15
VAL X TRS COM,-22.0115083333,-43.338975,527,17
VAL X TRS COM,-22.0112616667,-43.328365,528,18
VAL X TRS COM,-22.0187933333,-43.314445,529,19
VAL X TRS COM,-22.01874,-43.30876,530,20
VAL X TRS COM,-22.1153966667,-43.1978466667,158,29
TRS X JDF COM,-22.1153966667,-43.1978466667,158,1
TRS X JDF COM,-21.89716,-42.7172316667,273,24
TRS X JDF COM,-21.8872416667,-42.6974033333,274,25
TRS X JDF COM,-21.87994,-42.6821483333,275,26
TRS X JDF COM,-22.014725,-43.3107433333,467,8
TRS X JDF COM,-21.9726116667,-43.31586,468,9
TRS X JDF COM,-21.9590733333,-43.3193766667,469,10
TRS X JDF COM,-21.935385,-43.313755,470,11
TRS X JDF COM,-21.9541966667,-43.30062,471,12
TRS X JDF COM,-21.9262766667,-43.3190666667,472,13
TRS X JDF COM,-21.9128433333,-43.3380466667,473,14
TRS X JDF COM,-21.8846833333,-43.329465,474,15
TRS X JDF COM,-21.8729916667,-43.321055,475,16
TRS X JDF COM,-21.8616133333,-43.3122983333,476,17
TRS X JDF COM,-21.84172,-43.3133616667,477,18
TRS X JDF COM,-21.7677,-43.3303783333,480,21
TRS X JDF COM,-21.7439716667,-43.365705,536,22
TRS X JDF COM,-21.8814833333,-42.6938116667,378,28
FAC MACAHADO,-21.790905,-43.3407133333,561,1
FAC MACAHADO,-21.790905,-43.3407133333,561,1
FAC MACAHADO,-21.774095,-43.34818,563,3
FAC MACAHADO,-21.7708133333,-43.3508383333,564,2
FAC MACAHADO,-21.774095,-43.34818,563,3
ARE X TRS,-22.23554,-43.1021766667,453,1
ARE X TRS,-22.2333466667,-43.113825,567,2
ARE X TRS,-22.1153966667,-43.1978466667,158,6
VAS X BMA,-22.4056,-43.6654633333,2,1
VAS X BMA,-22.4806816667,-44.03887,93,24
VAS X BMA,-22.51048,-44.0833416667,97,25
VAS X BMA,-22.5168633333,-44.10822,99,27
VAS X BMA,-22.5448716667,-44.1535216667,102,32
VAS X BMA,-22.452805,-43.8322383333,110,15
VAS X BMA,-22.4498216667,-43.828395,414,14
VAS X BMA,-22.4552033333,-43.8371616667,416,16
VAS X BMA,-22.4573883333,-43.8428516667,417,17
VAS X BMA,-22.53149,-44.1381233333,427,31
VAS X BMA,-22.5453933333,-44.1693483333,112,33
BPI X VAS,-22.47101,-43.8249016667,59,1
BPI X VAS,-22.46428,-43.827465,61,3
BPI X VAS,-22.42646,-43.7668966667,63,8
BPI X VAS,-22.4295533333,-43.7447866667,64,10
BPI X VAS,-22.43509,-43.7291283333,65,12
BPI X VAS,-22.427825,-43.7127966667,66,13
BPI X VAS,-22.4103833333,-43.6719183333,84,16
BPI X VAS,-22.41307,-43.6714066667,161,17
BPI X VAS,-22.4672383333,-43.8299133333,420,2
BPI X VAS,-22.4056,-43.6654633333,2,18
SJO X ARE,-22.14941,-42.9207,548,1
SJO X ARE,-22.1717166667,-42.9583316667,569,5
SJO X ARE,-22.23554,-43.1021766667,453,7
TRS X VAL COM,-22.1153966667,-43.1978466667,158,1
TRS X VAL COM,-22.0088633333,-43.2622483333,464,5
TRS X VAL COM,-22.012985,-43.2725683333,465,6
TRS X VAL COM,-22.0189216667,-43.2957166667,466,7
TRS X VAL COM,-22.0184616667,-43.3139233333,494,8
TRS X VAL COM,-22.0100766667,-43.3257533333,495,9
TRS X VAL COM,-22.0114816667,-43.3389116667,496,10
TRS X VAL COM,-22.060115,-43.4355116667,497,12
TRS X VAL COM,-22.0619533333,-43.4400366667,498,13
TRS X VAL COM,-22.075425,-43.5018516667,500,14
TRS X VAL COM,-22.0818433333,-43.552175,501,15
TRS X VAL COM,-22.0871366667,-43.5596383333,502,16
TRS X VAL COM,-22.1108816667,-43.5541966667,503,17
TRS X VAL COM,-22.116685,-43.5594466667,504,18
TRS X VAL COM,-22.1643066667,-43.5852833333,506,19
TRS X VAL COM,-22.17828,-43.5923216667,507,20
TRS X VAL COM,-22.20179,-43.6117133333,508,21
TRS X VAL COM,-22.20998,-43.6297016667,509,22
TRS X VAL COM,-22.2190083333,-43.676455,510,23
TRS X VAL COM,-22.2361233333,-43.7006966667,511,24
TRS X VAL COM,-22.2478766667,-43.7081566667,512,25
TRS X VAL COM,-22.0290466667,-43.3802683333,526,11
TRS X VAL COM,-22.2478766667,-43.7081566667,512,25
ALP X MIR,-21.8814833333,-42.6938116667,378,1
ALP X MIR,-21.41608,-42.2016666667,552,7
ALP X MIR,-21.5483166667,-42.1753116667,572,6
ALP X MIR,-21.7457383333,-42.45943,575,4
ALP X MIR,-21.41608,-42.2016666667,552,7
BMA X VAS,-22.5453933333,-44.1693483333,112,1
BMA X VAS,-22.4539633333,-43.8114766667,62,14
BMA X VAS,-22.4881216667,-43.915045,88,12
BMA X VAS,-22.476545,-43.9436866667,89,11
BMA X VAS,-22.4848716667,-43.96383,90,10
BMA X VAS,-22.47466,-43.991715,91,9
BMA X VAS,-22.47574,-44.0049266667,92,8
BMA X VAS,-22.5140416667,-44.0984033333,98,5
BMA X VAS,-22.54971,-44.1606733333,106,2
BMA X VAS,-22.5465033333,-44.1550966667,107,3
BMA X VAS,-22.510995,-44.0845716667,108,6
BMA X VAS,-22.4663666667,-43.857825,111,13
BMA X VAS,-22.5453933333,-44.1693483333,112,1
BMA X VAS,-22.5176233333,-44.1108283333,114,4
BMA X VAS,-22.4808383333,-44.0409116667,118,7
BMA X VAS,-22.4056,-43.6654633333,2,27
BMA x MUR AC,-22.5453933333,-44.1693483333,112,1
BMA x MUR AC,-21.5266233333,-42.6331683333,287,87
BMA x MUR AC,-21.2021683333,-42.3860916667,290,90
BMA x MUR AC,-21.1281583333,-42.3698666667,292,92
VAS X PAR,-22.4056,-43.6654633333,2,1
VAS X PAR,-22.4602133333,-43.730405,6,5
VAS X PAR,-22.4729916667,-43.7477783333,7,6
VAS X PAR,-22.5020066667,-43.74956,8,9
VAS X PAR,-22.5134233333,-43.7490683333,9,10
VAS X PAR,-22.519855,-43.7394066667,10,11
VAS X PAR,-22.5238766667,-43.7354166667,11,12
VAS X PAR,-22.5254083333,-43.729485,13,14
VAS X PAR,-22.5275666667,-43.7188583333,14,15
VAS X PAR,-22.530205,-43.7077116667,15,16
VAS X PAR,-22.5296033333,-43.7034633333,16,17
VAS X PAR,-22.5416533333,-43.6977233333,17,18
VAS X PAR,-22.553115,-43.6910566667,18,19
VAS X PAR,-22.54956,-43.677835,19,23
VAS X PAR,-22.5549033333,-43.6835433333,20,24
VAS X PAR,-22.55935,-43.6840316667,21,25
VAS X PAR,-22.5704333333,-43.6908133333,22,27
VAS X PAR,-22.5770066667,-43.692885,23,29
VAS X PAR,-22.5882033333,-43.6918416667,24,31
VAS X PAR,-22.6044266667,-43.700355,25,32
VAS X PAR,-22.6057083333,-43.7032583333,26,33
VAS X PAR,-22.6119016667,-43.7113566667,27,34
VAS X PAR,-22.5650116667,-43.6880833333,31,26
VAS X PAR,-22.5549033333,-43.6835433333,68,22
VAS X PAR,-22.5406166667,-43.6951116667,71,21
VAS X PAR,-22.5486483333,-43.6816733333,73,20
VAS X PAR,-22.4780083333,-43.749485,75,7
VAS X PAR,-22.5842466667,-43.6906266667,78,30
VAS X PAR,-22.5673533333,-43.68812,80,28
VAS X PAR,-22.4858633333,-43.7492466667,82,8
VAS X PAR,-22.525765,-43.7311533333,178,13
VAS X PAR,-22.6119016667,-43.7113566667,27,34
CAR X BMA,-20.7348666667,-42.03093,309,1
CAR X BMA,-20.74743,-42.2886266667,297,14
CAR X BMA,-20.72915,-42.2820733333,298,13
CAR X BMA,-20.6237783333,-42.2213833333,299,11
CAR X BMA,-20.6216316667,-42.1699583333,300,10
CAR X BMA,-20.6152466667,-42.1478583333,302,8
CAR X BMA,-20.7348666667,-42.03093,309,1
CAR X BMA,-20.7127733333,-42.03518,310,2
CAR X BMA,-20.707125,-42.0802466667,337,4
CAR X BMA,-20.6295266667,-42.22785,340,12
CAR X BMA,-20.7034933333,-42.0547783333,399,3
CAR X BMA,-20.6923316667,-42.0957933333,401,5
CAR X BMA,-20.6892766667,-42.0993216667,402,6
CAR X BMA,-20.6193366667,-42.14426,403,7
CAR X BMA,-20.6163116667,-42.1526366667,404,9
CAR X BMA,-20.773,-42.3003766667,405,15
CAR X BMA,-22.5453933333,-44.1693483333,112,123
SJO X PET,-22.14941,-42.9207,548,1
SJO X PET,-22.5159083333,-43.229015,192,8
JDF X BMA COM AC,-21.738605,-43.3740583333,219,1
JDF X BMA COM AC,-22.5453933333,-44.1693483333,112,65
BMA X CAR,-22.5453933333,-44.1693483333,112,1
BMA X CAR,-21.12441,-42.3812766667,293,93
BMA X CAR,-20.6163116667,-42.1526366667,301,100
BMA X CAR,-20.6193366667,-42.14426,303,102
BMA X CAR,-20.6892766667,-42.0993216667,304,103
BMA X CAR,-20.6923316667,-42.0957933333,305,104
BMA X CAR,-20.7017416667,-42.0876133333,306,105
BMA X CAR,-20.7054716667,-42.0701716667,307,106
BMA X CAR,-20.7034933333,-42.0547783333,308,107
BMA X CAR,-20.7348666667,-42.03093,309,108
BEM X TRS,-22.1417383333,-43.0968633333,565,1
BEM X TRS,-22.12328,-43.1693866667,203,5
BEM X TRS,-22.1204533333,-43.18345,204,6
BEM X TRS,-22.1269983333,-43.146035,391,3
BEM X TRS,-22.1234433333,-43.1563433333,392,4
BEM X TRS,-22.1153966667,-43.1978466667,158,7
FAC UFRJ,-21.7731966667,-43.3702283333,557,1
FAC UFRJ,-21.7731966667,-43.3702283333,557,1
FAC UFRJ,-21.7514833333,-43.35417,558,2
FAC UFRJ,-21.7514833333,-43.35417,558,2
ARE X BEM,-22.23554,-43.1021766667,453,1
ARE X BEM,-22.2048366667,-43.0958466667,570,2
ARE X BEM,-22.1417383333,-43.0968633333,565,4
MU X BMA,-20.2488166667,-42.0296466667,329,1
MU X BMA,-20.7092033333,-42.031735,311,19
MU X BMA,-20.6325933333,-41.9843933333,313,16
MU X BMA,-20.5345283333,-41.99203,315,15
MU X BMA,-20.35121,-41.95898,322,7
MU X BMA,-20.2474916667,-41.98214,324,5
MU X BMA,-20.2488166667,-42.0296466667,329,1
MU X BMA,-20.2583433333,-42.0136016667,330,3
MU X BMA,-20.2532483333,-41.994795,331,4
MU X BMA,-20.3802233333,-41.9647866667,332,10
MU X BMA,-20.4608883333,-41.9742933333,333,13
MU X BMA,-20.4725666667,-41.9906016667,334,14
MU X BMA,-20.6321933333,-41.9917766667,335,17
MU X BMA,-20.652915,-42.0085883333,336,18
MU X BMA,-20.25782,-42.0246066667,393,2
MU X BMA,-20.3483266667,-41.9519383333,394,6
MU X BMA,-20.3655,-41.9602983333,395,8
MU X BMA,-20.3772616667,-41.9610133333,396,9
MU X BMA,-20.419205,-41.9672016667,397,11
MU X BMA,-20.4306033333,-41.9597333333,398,12
MU X BMA,-22.5453933333,-44.1693483333,112,143
BMA x JDF S-DIR AC,-22.5453933333,-44.1693483333,112,1
BMA x JDF S-DIR AC,-22.1217033333,-43.2322666667,228,50
BMA x JDF S-DIR AC,-22.1049866667,-43.2163866667,229,52
BMA x JDF S-DIR AC,-21.738605,-43.3740583333,219,62
BMA X ITP,-22.5453933333,-44.1693483333,112,1
BMA X ITP,-21.1284983333,-42.3637016667,341,96
BMA X ITP,-21.12687,-42.3414383333,342,95
BMA X ITP,-21.12456,-42.2818216667,343,99
BMA X ITP,-21.12618,-42.2029816667,344,100
BMA X ITP,-21.145985,-42.1682466667,345,97
BMA X ITP,-21.1759183333,-42.0039883333,346,103
BMA X ITP,-21.1793366667,-41.954,347,104
BMA X ITP,-21.1855333333,-41.924815,348,101
BMA X ITP,-21.1919783333,-41.907035,349,102
BMA X ITP,-21.2003083333,-41.89834,350,105
BMA X ITP,-21.174855,-42.09885,351,98
BMA X ITP,-21.87211,-42.669635,377,76
BMA X ITP,-21.2003083333,-41.89834,350,105
PDS X TRS URB,-22.1635233333,-43.29211,443,1
PDS X TRS URB,-22.1153966667,-43.1978466667,158,7
PDS X TRS URB,-22.1144716667,-43.2057083333,442,8
SAO JOSE,-22.2093333333,-43.02391,542,1
SAO JOSE,-22.2093333333,-43.02391,542,1
SAO JOSE,-22.18875,-42.9846966667,544,2
SAO JOSE,-22.1717166667,-42.9583316667,545,3
SAO JOSE,-22.1642533333,-42.9361533333,546,4
SAO JOSE,-22.1569616667,-42.92712,547,5
SAO JOSE,-22.14941,-42.9207,548,6
SAO JOSE,-22.14941,-42.9207,548,6
API X TRS URB,-22.2386,-43.4216533333,450,1
API X TRS URB,-22.2415966667,-43.419155,145,2
API X TRS URB,-22.2214033333,-43.4157116667,147,4
API X TRS URB,-22.2141233333,-43.4054466667,148,5
API X TRS URB,-22.1144716667,-43.2057083333,442,16
ALP X PET,-21.8814833333,-42.6938116667,378,1
ALP X PET,-20.8890666667,-42.339695,295,20
ALP X PET,-22.5159083333,-43.229015,192,27
ALP X JDF,-21.8814833333,-42.6938116667,378,1
ALP X JDF,-22.0944616667,-43.1720083333,579,27
ALP X JDF,-21.738605,-43.3740583333,219,35
TRS x RES,-22.1153966667,-43.1978466667,158,1
TRS x RES,-22.5492266667,-44.1715433333,236,50
TRS x RES,-22.5547716667,-44.1734583333,237,51
TRS x RES,-22.4696916667,-44.2797866667,240,52
TRS x RES,-22.458875,-44.4328733333,244,53
TRS x RES,-22.4583316667,-44.4405833333,245,54
TRS x RES,-22.4616416667,-43.8380216667,419,35
TRS x RES,-22.47574,-44.0049266667,92,55
PET X SJO,-22.5159083333,-43.229015,192,1
PET X SJO,-22.14941,-42.9207,548,8
ALP X PIR,-21.8814833333,-42.6938116667,378,1
ALP X PIR,-21.6589616667,-42.3445716667,550,4
ALP X PIR,-21.7746083333,-42.5343366667,573,3
ALP X PIR,-21.6589616667,-42.3445716667,550,4
TRS X JDF DIR A/C,-22.1153966667,-43.1978466667,158,1
TRS X JDF DIR A/C,-22.098955,-43.216145,205,2
TRS X JDF DIR A/C,-22.0844566667,-43.2174533333,206,3
TRS X JDF DIR A/C,-22.0339816667,-43.2191416667,209,4
TRS X JDF DIR A/C,-22.0096733333,-43.2646283333,210,5
TRS X JDF DIR A/C,-21.9207833333,-43.3224566667,212,6
TRS X JDF DIR A/C,-21.8205866667,-43.3760833333,213,7
TRS X JDF DIR A/C,-21.7818283333,-43.3623683333,215,8
TRS X JDF DIR A/C,-21.766465,-43.3485483333,216,9
TRS X JDF DIR A/C,-21.76182,-43.3381416667,217,10
TRS X JDF DIR A/C,-21.738605,-43.3740583333,219,11
TRS X JDF DIR A/C,-21.738605,-43.3740583333,219,11
PIR X ALP,-21.6589616667,-42.3445716667,550,1
PIR X ALP,-21.7746083333,-42.5343366667,574,2
PIR X ALP,-21.8814833333,-42.6938116667,378,4
TRS X API URB,-22.1144716667,-43.2057083333,442,1
TRS X API URB,-22.2285333333,-43.42327,146,14
TRS X API URB,-22.2005916667,-43.3650966667,149,11
TRS X API URB,-22.16637,-43.319645,150,10
TRS X API URB,-22.148115,-43.295755,151,9
TRS X API URB,-22.2141233333,-43.4054466667,166,12
TRS X API URB,-22.2214033333,-43.4157116667,167,13
TRS X API URB,-22.2403833333,-43.4192833333,168,15
TRS X API URB,-22.2386,-43.4216533333,450,16
TRS X API URB,-22.2386,-43.4216533333,450,16
ITP X BMA,-21.2003083333,-41.89834,350,1
ITP X BMA,-22.148255,-43.2854816667,153,74
ITP X BMA,-21.1919783333,-41.907035,406,2
ITP X BMA,-22.5453933333,-44.1693483333,112,119
RES x TRS,-22.4583316667,-44.4405833333,245,1
RES x TRS,-22.4681183333,-44.2815283333,246,2
RES x TRS,-22.5527366667,-44.17949,248,3
RES x TRS,-22.5629816667,-44.1700933333,249,4
RES x TRS,-22.5622416667,-44.16783,250,5
RES x TRS,-22.5552083333,-44.17299,251,6
RES x TRS,-22.1153966667,-43.1978466667,158,58
TRS X NIG,-22.1153966667,-43.1978466667,158,1
TRS X NIG,-22.6171183333,-43.7146933333,123,51
TRS X NIG,-22.6337883333,-43.71019,124,54
TRS X NIG,-22.7007633333,-43.7540316667,126,56
TRS X NIG,-22.7461516667,-43.4466716667,130,57
TRS X NIG,-22.3123733333,-43.5121733333,169,16
TRS X NIG,-22.325435,-43.535295,170,15
TRS X NIG,-22.3758833333,-43.6293816667,173,17
TRS X NIG,-22.3796466667,-43.63885,174,20
TRS X NIG,-22.39123,-43.6505166667,176,19
TRS X NIG,-22.75699,-43.45591,131,58
ALP X LEP,-21.8814833333,-42.6938116667,378,1
ALP X LEP,-21.8633083333,-42.6724466667,277,3
ALP X LEP,-21.8583833333,-42.662135,278,4
ALP X LEP,-21.7922733333,-42.7161233333,279,5
ALP X LEP,-21.6385283333,-42.7001616667,280,6
ALP X LEP,-21.5866983333,-42.6877583333,281,7
ALP X LEP,-21.5701816667,-42.6792616667,282,8
ALP X LEP,-21.550815,-42.6715533333,283,9
ALP X LEP,-21.5429533333,-42.65617,284,10
ALP X LEP,-21.53907,-42.643435,285,11
ALP X LEP,-21.5325633333,-42.634595,286,12
JDF X TRS DIR A/C,-21.738605,-43.3740583333,219,1
JDF X TRS DIR A/C,-21.758835,-43.3432733333,221,2
JDF X TRS DIR A/C,-21.8173533333,-43.3765966667,222,5
JDF X TRS DIR A/C,-21.848795,-43.3808833333,223,6
JDF X TRS DIR A/C,-21.8666816667,-43.3654066667,224,7
JDF X TRS DIR A/C,-21.9185266667,-43.323055,230,8
JDF X TRS DIR A/C,-21.7622216667,-43.343055,235,3
JDF X TRS DIR A/C,-22.1153966667,-43.1978466667,158,15
ARE X PET,-22.23554,-43.1021766667,453,1
ARE X PET,-22.5159083333,-43.229015,192,3
ARE X PET,-22.5159083333,-43.229015,192,3
PDS X TRS MICRO,-22.1635233333,-43.29211,443,1
PDS X TRS MICRO,-22.1374866667,-43.2527683333,433,3
PDS X TRS MICRO,-22.1341183333,-43.247665,434,4
PDS X TRS MICRO,-22.1248583333,-43.23243,435,5
PDS X TRS MICRO,-22.1144716667,-43.2057083333,442,7
JDF X BMA DIR AC,-21.738605,-43.3740583333,219,1
JDF X BMA DIR AC,-22.400375,-43.6651216667,537,36
JDF X BMA DIR AC,-22.5453933333,-44.1693483333,112,65
VAS X BPI,-22.4056,-43.6654633333,2,1
VAS X BPI,-22.4056,-43.6654633333,2,1
VAS X BPI,-22.4190566667,-43.6837316667,4,4
VAS X BPI,-22.42937,-43.6974516667,5,5
VAS X BPI,-22.4278933333,-43.714025,48,6
VAS X BPI,-22.43536,-43.7298583333,49,7
VAS X BPI,-22.4312233333,-43.7400283333,50,8
VAS X BPI,-22.4296916667,-43.74465,51,9
VAS X BPI,-22.426495,-43.75705,52,10
VAS X BPI,-22.4256133333,-43.76593,53,11
VAS X BPI,-22.432845,-43.7735266667,54,12
VAS X BPI,-22.4468966667,-43.794855,55,13
VAS X BPI,-22.453785,-43.81135,56,14
VAS X BPI,-22.4632066667,-43.826365,57,15
VAS X BPI,-22.47101,-43.8249016667,59,16
VAS X BPI,-22.4103833333,-43.6719183333,69,3
VAS X BPI,-22.41307,-43.6714066667,83,2
VAS X BPI,-22.47101,-43.8249016667,59,16
TRS X ARE,-22.1153966667,-43.1978466667,158,1
TRS X ARE,-22.23554,-43.1021766667,453,5
MIR X ALP,-21.41608,-42.2016666667,552,1
MIR X ALP,-21.5483166667,-42.1753116667,551,2
MIR X ALP,-21.8814833333,-42.6938116667,378,7
TRS X WER URB,-22.1144716667,-43.2057083333,442,1
TRS X WER URB,-22.1866583333,-43.2964983333,444,8
TRS X WER URB,-22.1957033333,-43.312955,445,9
TRS X WER URB,-22.21261,-43.31563,446,10
TRS X WER URB,-22.2202066667,-43.315735,447,11
TRS X PDS MICRO,-22.1144716667,-43.2057083333,442,1
TRS X PDS MICRO,-22.1199983333,-43.2141233333,157,2
TRS X PDS MICRO,-22.1374866667,-43.2527683333,436,5
TRS X PDS MICRO,-22.1341183333,-43.247665,437,4
TRS X PDS MICRO,-22.1261116667,-43.2335683333,438,3
TRS X PDS MICRO,-22.1144716667,-43.2057083333,442,1
TRS X PDS MICRO,-22.1635233333,-43.29211,443,7
TRS X PDS MICRO,-22.1434583333,-43.2867833333,534,6
TRS X PDS MICRO,-22.1635233333,-43.29211,443,7
BMA X MU,-22.5453933333,-44.1693483333,112,1
BMA X MU,-20.6536383333,-42.0070516667,312,111
BMA X MU,-20.6272433333,-41.9836633333,314,113
BMA X MU,-20.4739266667,-41.993545,316,115
BMA X MU,-20.4551966667,-41.9693016667,317,116
BMA X MU,-20.4306033333,-41.9597333333,318,117
BMA X MU,-20.419205,-41.9672016667,319,118
BMA X MU,-20.3772616667,-41.9610133333,320,119
BMA X MU,-20.3655,-41.9602983333,321,120
BMA X MU,-20.3483266667,-41.9519383333,323,122
BMA X MU,-20.249905,-41.98637,325,124
BMA X MU,-20.2588483333,-42.0154533333,326,125
BMA X MU,-20.25782,-42.0246066667,327,126
BMA X MU,-20.2488166667,-42.0296466667,329,127
VAS X BPI Micro,-22.4056,-43.6654633333,2,1
VAS X BPI Micro,-22.47101,-43.8249016667,59,17
WER X TRS URB,-22.2202066667,-43.315735,447,1
WER X TRS URB,-22.2202066667,-43.315735,447,1
WER X TRS URB,-22.2144016667,-43.3155566667,448,2
WER X TRS URB,-22.18695,-43.2969266667,449,3
WER X TRS URB,-22.119245,-43.206955,578,10
WER X TRS URB,-22.1144716667,-43.2057083333,442,13
TRS X ALP,-22.1153966667,-43.1978466667,158,1
TRS X ALP,-22.0998,-43.075475,256,7
TRS X ALP,-22.0936916667,-43.0704866667,257,8
TRS X ALP,-22.0865183333,-43.0574733333,258,9
TRS X ALP,-22.0738633333,-43.0382533333,259,10
TRS X ALP,-22.0565583333,-43.0237216667,260,11
TRS X ALP,-22.04997,-43.019985,261,12
TRS X ALP,-22.0434683333,-43.0041816667,262,13
TRS X ALP,-22.0411083333,-42.9921883333,263,14
TRS X ALP,-22.0308883333,-42.9837333333,264,15
TRS X ALP,-22.0150633333,-42.9555433333,265,16
TRS X ALP,-21.996905,-42.9177533333,266,17
TRS X ALP,-21.991365,-42.9076116667,267,18
TRS X ALP,-21.9690633333,-42.8757316667,268,19
TRS X ALP,-21.9608566667,-42.860105,269,20
TRS X ALP,-21.9597383333,-42.851925,270,21
TRS X ALP,-21.954225,-42.8420433333,271,22
TRS X ALP,-21.9471366667,-42.8370866667,272,23
TRS X ALP,-21.8814833333,-42.6938116667,378,28
TRS X PET DIR A/C,-22.1153966667,-43.1978466667,158,1
TRS X PET DIR A/C,-22.1520033333,-43.15878,183,4
TRS X PET DIR A/C,-22.4525316667,-43.2067633333,189,6
TRS X PET DIR A/C,-22.47929,-43.236285,190,7
TRS X PET DIR A/C,-22.49712,-43.2279833333,191,8
TRS X PET DIR A/C,-22.5159083333,-43.229015,192,9
